data__bikes__current_range_meters,longitude,latitude,data__bikes__bike_id
14484.096000000000,-121.88580833333300,37.35298133333330,e6954df0860a639e8436dbe0de12131e
28968.192000000000,-121.856862,37.34116366666670,0821028fbf10d59a57361f44df4e9364
24140.16,-121.95465733333300,37.31519866666670,eb96282dd5505e012166641dbb9a14b4
17702.784,-121.91790916666700,37.373176666666700,622aa4d7ad7b9508ab001258c89dc5ed
20921.472,-121.94956783333300,37.31458,3bfabe60035faebcc98bb19de5621c92
14484.096000000000,-121.9175175,37.3385675,8788c2de3892d8201a83127480f92e95
17702.784,-121.85686666666700,37.341113166666700,afcf5cef653df9dc0736d5963ae2a84d
17702.784,-121.925823,37.320419666666700,41b9c9db573b4d993b62be615c0bf45d
27358.848,-121.910928,37.371067833333300,9617600145cff6089e6d896f1e5a369b
19312.128,-121.86782183333300,37.365778166666700,bb9105c9c24f8290a358bb731ee99091
17702.784,-121.83292783333300,37.28179983333330,a2f22ad2ed05d1a6b9f2b2980981cbb4
25749.504,-121.91927616666700,37.37384466666670,ed3521f024e96ab282358500d2beb34e
16093.44,-121.9496355,37.31921066666670,dff6f75e3a45b953c1c03cef324d6033
14484.096000000000,-121.94968616666700,37.319133,7b76fcb7d34b6a6dee7db9b3600b7ddf
37014.912000000000,-121.89217116666700,37.33280083333330,516ae33a443c4bd68a45ef05b3efd065
37014.912000000000,-121.89132416666700,37.341114833333300,53385c2afc90ed02dab36528660a7f85
25749.504,-121.89851716666700,37.37239266666670,9ed7cd4140119ae6bbc5252ba197c4d1
27358.848,-121.91181516666700,37.36512483333330,fbd50aaec6eecb5c0e7fd4c251ef07b4
19312.128,-121.96429683333300,37.3184945,8dbdcb9f9dda7dea97baacae883b2f81
25749.504,-121.90920083333300,37.36657533333330,5f2166a2259cb66e6fdb2872f2fe2e28
24140.16,-121.89874966666700,37.3396945,eaa908879f281f620607407e5b8692da
14484.096000000000,-121.891206,37.370657,0ac46f0650d0e55adf8e39c4326eae46
25749.504,-121.91188,37.36493166666670,b3fbfb570f40513643fccfad901a2a06
11265.408,-121.92112566666700,37.3001305,5b5df345587be914609d9f8fae3c899d
27358.848,-121.85708183333300,37.341147166666700,9b60a6719a5bf2ca8b0e5bf194fb3d1e
12874.752,-121.92288633333300,37.328320166666700,a3abcc95342a0e9de7e31aab475efa29
16093.44,-121.88387133333300,37.3309345,b5349cb0a0df67f73c9f098a1c523c7d
28968.192000000000,-121.952412,37.409070166666700,21cb91013f3565e42aa9389706135e00
22530.816,-121.83391333333300,37.337637,db0fc4c122ac758f6f49576c1beb8ff6
19312.128,-121.9494635,37.31913433333330,e672d9252c424ead285d8af6475ca7a9
25749.504,-121.90444583333300,37.35503966666670,481b37a8fd44b20cda2c705f1ebecc58
14484.096000000000,-122.4039925,37.79911333333330,6222a2583e9ffdbe06bbcf3bd233c49b
17702.784,-122.4320195,37.77112733333330,f9d261f5a164d2850a496e599237fbb1
12874.752,-122.47647016666700,37.759935166666700,08f93dee67f1fc5cf7fc1174d37352cc
32186.88,-122.4076625,37.7825725,619a9c0083b385a977317b845ec828a9
28968.192000000000,-122.403481,37.733601666666700,83be854bdcd63a9da1cdfc129c63b1f6
27358.848,-122.4721665,37.78667216666670,6e3623fc837a19ae7821ab6c96d17a1b
30577.536,-122.3811635,37.73858166666670,9317962d9173011f558727422b826de1
35405.568,-122.3939385,37.79452283333330,ddcf4c8eb1dbd63792b08942aff61cea
12874.752,-122.45920216666700,37.79775883333330,78d1120d2c29edd5bbd123cb3a1a41d3
28968.192000000000,-122.3904455,37.750351,f9a9d931d83d9851a8852faa3e223a4a
28968.192000000000,-122.37978566666700,37.72533166666670,a591f152687c396b1fa2997e11f73761
19312.128,-122.42021216666700,37.7880095,4e2e91ca712f487de029ba1b87cc3ec4
12874.752,-122.40277,37.74261416666670,520d3f4ec78176bfffcd3023852fc1c8
17702.784,-122.47240466666700,37.754657333333300,458bcf150f7f9db0af645bcad9d464fa
38624.256,-122.42650383333300,37.751817833333300,a6feea7bff33b76d4c02bb9ffe363eda
33796.224,-122.43729666666700,37.8053465,bccbb7d93bf4370abceacf5a29edf827
30577.536,-122.47228766666700,37.80748283333330,9021f46fc6def829fba818602a45ce58
19312.128,-122.47119183333300,37.734857833333300,9154370fcaa2446fcf022309a5961fdd
16093.44,-122.40388416666700,37.79490533333330,e88c5ea6348a30e45d2027d56762b115
30577.536,-122.50829566666700,37.77953766666670,45ab121074263fb370bbe2e098c0d8ab
24140.16,-122.39289616666700,37.794389,4f28b35ebfe232e2951080e3d8d74f86
30577.536,-122.43439216666700,37.771707,a845c5b7f37ea4d7fcac9384dfaf5554
24140.16,-122.49741166666700,37.7534135,bb31c9eb461ca157b2c55819809cb55f
38624.256,-122.3822515,37.73586566666670,6c2549efadd298cab64234f738475fcf
35405.568,-122.499281,37.75591816666670,580edc572d5a247faa4cdc37832452f8
22530.816,-122.40526266666700,37.751285,f3a61353b258026bec741e96701a0fe0
25749.504,-122.4189285,37.751934,286323c234679ff7dc374eb2b1d040f0
14484.096000000000,-122.39781816666700,37.7867845,3e63c16c7a4f5a5d50bb1e2d65ae41d2
19312.128,-122.48284283333300,37.72208633333330,bc1372a8cd54d766dd6f7da957cb3655
14484.096000000000,-122.41465883333300,37.78760366666670,925db2ef0c197fe97453a2c7e9a0c2cb
19312.128,-122.41744383333300,37.790723666666700,c248d88ce157158864a765f652911d5e
14484.096000000000,-122.44279316666700,37.7993345,516f9a834c610f961538b6563e866124
38624.256,-122.43723983333300,37.80533166666670,9b6669aa16d2497bfc77c8c68704ed63
24140.16,-122.401357,37.745738333333300,a363cc0e698dd23cd6a5a543256687f6
11265.408,-122.42059733333300,37.759675666666700,dfbafaa522265cdc26d3c0c6819e8890
24140.16,-122.4990465,37.755208,6c47c3d2a8aaa3e6ce8b64946e163cfd
38624.256,-122.50954183333300,37.763816,fccd4184ff4b705429877db8b09b8fcb
16093.44,-122.4340495,37.733655166666700,890adcae30dbcf7e56f3a00666e55dba
22530.816,-122.4334155,37.79740416666670,c319c3c4cd888ff4d58b01af6fb521c7
25749.504,-122.40172266666700,37.8020235,1afab425a64af5b84068783c542a4888
28968.192000000000,-122.377603,37.7332465,e931426eb2bc95bc96d78441c516fb75
17702.784,-122.39053716666700,37.78938983333330,e088919dd53c8b56788a84e07c7cc58d
32186.88,-122.40707866666700,37.73070466666670,7608f9c20675d56f5c54936257b8c04a
30577.536,-122.42089416666700,37.7827145,3cd8ed390f50b5abd57f665ee1c3102c
12874.752,-122.47530416666700,37.8081255,76b513684714fafdbba80a0785e9d238
16093.44,-122.48269883333300,37.781969,e7b0445d36d8dc85177212cb8a10b66d
17702.784,-122.39078883333300,37.7688745,c26e27fbd239848c907430c3656af4a6
19312.128,-122.40736833333300,37.781358833333300,09711e3a5e1f39d914d641fc650914f5
33796.224,-122.39243983333300,37.793512666666700,45cafd202e701a12ab87f7d2d5a4d433
35405.568,-122.46524616666700,37.76297916666670,f6027a3e2822483592c5f25121d546b3
9656.064,-122.42285466666700,37.8007505,da2f1f82321bc88171994287a985d092
14484.096000000000,-122.41313866666700,37.795209666666700,b44c61d36606c8a75dcf6254a6c66917
22530.816,-122.48208866666700,37.7240225,e0d013643b3735bb69db1c8d5b4a6562
35405.568,-122.46932783333300,37.708616666666700,80330455d0e1bc6afc7589d2eb525bb8
17702.784,-122.40335666666700,37.733697666666700,17ab04d0592bbfb56123a1e797e1631e
16093.44,-122.394488,37.76264316666670,071523d75e5c866555935d2ef04b28ab
19312.128,-122.44845166666700,37.805043166666700,f1a162d5b43cd41450a3d3cf05e29a08
22530.816,-122.44795283333300,37.73168316666670,a0c1e754a5694da8fec32f3f8196bf18
16093.44,-122.502131,37.7549325,0b180213d1d066d9f155eadbc7ddf79f
19312.128,-122.46840916666700,37.804134166666700,33f82fc43fcaa7bb9eaf6be23f0f757d
20921.472,-122.4187555,37.806441666666700,24d927249c380261e0d70a5f218f7766
11265.408,-122.40256833333300,37.7644225,1d6a8166b857e80dddfb9e0d8ed9b4a0
38624.256,-122.46636783333300,37.778844666666700,25ef38e4c1f212e399da08d6b43b178f
27358.848,-122.428325,37.73981,0e8cc96b2a1d2f0a1f8c7950ae4d7025
22530.816,-122.45511,37.723756,305c4941676a48eee741c16e9c125774
27358.848,-122.39171383333300,37.773916166666700,829676ee8cefcd921b4844089188be0d
37014.912000000000,-122.39100633333300,37.767190166666700,45f64cf4a5011dbffd5c434a4b031ceb
16093.44,-122.40191883333300,37.79418866666670,3d6a7d8a62d1dc898ffe180c41817cd1
12874.752,-122.40410633333300,37.784370333333300,e796bbc4b451d72eb0cfaaf737f9bc56
16093.44,-122.401704,37.80202416666670,b27193c1a50dd0d8d63052cc122b3539
28968.192000000000,-122.5071385,37.7605345,424fcee31b47d86ca61e4b8e57e7b1ac
16093.44,-122.4354305,37.78854966666670,a0fdd7bf2e6af5dc8a8ffb1cb3970106
33796.224,-122.41009166666700,37.73972166666670,b7b3e7ac4f024eae3dd7a1c94e6d27bf
17702.784,-122.4689745,37.806269,15428765e1d15c7b5ce5d55a00327f5e
14484.096000000000,-122.455943,37.80388833333330,cd7053010ba81f273e5524262d4f3c0a
16093.44,-122.4103485,37.7728785,4cd6e85397107ed2555f5508329fe33c
28968.192000000000,-122.39054283333300,37.78941233333330,2480360ce7022884da2cfe48707569a6
22530.816,-122.42062966666700,37.80464333333330,6178c68339e3c4813fcd741ef96fc9b7
27358.848,-122.39438516666700,37.76269,ea5fefbe79b7a69e55a05dc3fcab823f
12874.752,-122.43882866666700,37.7234495,b8d6e2124afd4c0786f72d614a4b7edf
28968.192000000000,-122.407008,37.79765416666670,99557926c6e78206d40712cb19e51f35
38624.256,-122.4129355,37.763965166666700,13500ac5d16dad0fe83df76c506f4897
16093.44,-122.507592,37.77161,c86293cbf95af41667271672227fb941
20921.472,-122.41695633333300,37.75805533333330,2d276d65b25fba848bcdfecf6620853e
17702.784,-122.4805215,37.77988166666670,b9a4b815e4ac8da3d3dee956165d3bfc
12874.752,-122.403865,37.78387083333330,3d8d94110a7b1e98a45cf006f87af1bc
14484.096000000000,-122.40527533333300,37.7863,cd9e606fa5fe6d5cbf71d4694bfdb7e3
30577.536,-122.47616683333300,37.72972166666670,993fca3ba51cbd5d49eee1932bae82aa
17702.784,-122.40900466666700,37.80720983333330,f797242da9646f293858d400e2deff1f
40233.6,-122.47351316666700,37.8063735,451dd9c225a5cf97aa93befb5f3f0222
33796.224,-122.38835366666700,37.75553,173cc582b10e6112760139aed3710f93
38624.256,-122.43719883333300,37.79755983333330,b9f4ba3a1e6b171e977e34f567dbef93
37014.912000000000,-122.40146733333300,37.745574,562b97c37d800aa3b11ed68ffa6a30d9
32186.88,-122.38332066666700,37.739946833333300,654767ba0a268074b1aaded5c8961de2
27358.848,-122.4084945,37.7996385,4bc9d46479242db7b30ab0f5e95cb4e8
33796.224,-122.46844416666700,37.77732066666670,f52f1c41faa2491a48015cd77838799c
28968.192000000000,-122.38849266666700,37.730374166666700,26620074b5062c2566342d3eabf75b2f
9656.064,-122.41563916666700,37.788358833333300,8d2f314b74971a6e8f882e885adb945c
11265.408,-122.390478,37.789571,997a5efd9fd72a827909fb04e49352f1
16093.44,-122.3899425,37.7846445,69381704e98fe513fe7f88b9cc00d0f9
28968.192000000000,-122.44087033333300,37.7610015,df39757a8b016316aa939c41fc3ed321
14484.096000000000,-122.40546916666700,37.782083666666700,f362e4c7d9a190cc4999f8b3fc5a047b
16093.44,-122.39485466666700,37.7909325,fdac015a530b2e48f5fd7a13a1e73a9b
25749.504,-122.40664583333300,37.76472116666670,e1884c3799227641a80557f15fd603a7
14484.096000000000,-122.4132775,37.781201333333300,1585609ade3d5599d263516397a8d8e4
37014.912000000000,-122.42048333333300,37.740966666666700,f08694e01cb5c966b150ad55ec93c3c6
24140.16,-122.50614566666700,37.748965,662459bf2aa0c123f2714e37c623034f
37014.912000000000,-122.39527116666700,37.784302333333300,62e5da6275bf20596433609e34c38e08
32186.88,-122.4227645,37.80074066666670,fbb418b9fd586f3216ea97ba6a453b0a
17702.784,-122.49101083333300,37.747400666666700,bfd86085f19901466025e01ef8aab1c5
33796.224,-122.50061166666700,37.719036333333300,134f2e4adc858adf458a306d4e7d24c1
28968.192000000000,-122.50053833333300,37.76262283333330,d70a4eea232170dee081e3e7f5f733ee
30577.536,-122.4150925,37.786612833333300,e637228ccb56c627a87974597db7de76
24140.16,-122.38845933333300,37.767064833333300,5a4f2551150ea6df35fef3173dcbf249
30577.536,-122.43281716666700,37.773828,ca04e28ef15152ee8ac96103bb98c47d
14484.096000000000,-122.45594566666700,37.7798605,8d54959dc69db33343f402482b4c1127
32186.88,-122.39272083333300,37.730939,9067e6424f2ca23f139f66015fce7db0
32186.88,-122.45411516666700,37.762856,21f9b6b114b07e03ebcf06b4cb927940
20921.472,-122.39461616666700,37.791048833333300,5dfeda4d2c5f71cf7b6accba6fdb6782
17702.784,-122.38877416666700,37.755539166666700,e179ddbfb66e63104db8e35b121d984e
24140.16,-122.50803033333300,37.75107583333330,8b1b88e9c2d3451fcdb134f457efed60
16093.44,-122.477634,37.759861666666700,da7d59e9cf0e40e8f3f0d83233757439
17702.784,-122.399253,37.750975,35331d8f995138a86fd548551022357c
35405.568,-122.40458666666700,37.76849416666670,40489ef97d281c769612b30631a5f7e6
20921.472,-122.38099866666700,37.73847883333330,ceca48607506dae64b1d6bb6831e3fd6
35405.568,-122.46569,37.728534333333300,b1c3dc544867da4b3e4c2b2937cdd365
30577.536,-122.4192035,37.759488,d519ded7f9010248171bdf3ce351b42d
14484.096000000000,-122.42170066666700,37.761836333333300,f108b4684047e448f808cf972d5c1f1e
9656.064,-122.434856,37.76303883333330,241e5900aee3d4a5abad837633e228ae
12874.752,-122.420109,37.775437333333300,dcc356ba9a5992e0b05773adffb4fddb
19312.128,-122.39371033333300,37.77883666666670,e140e4293b3a71bdc13856d18d8d906a
22530.816,-122.46619416666700,37.73481,eadae63c0df659c887dec49d0569995a
27358.848,-122.40672916666700,37.74066766666670,bb3a4fa839cab027296d47ad4bc02f78
20921.472,-122.41900916666700,37.7816755,4f249b0d0770edcfabc19c5db460d41c
37014.912000000000,-122.44852466666700,37.805057833333300,349354d49bbfc6661cccc7b57f14fc56
17702.784,-122.43183633333300,37.78077966666670,f026247bc82c1848db1897d6ddc43873
19312.128,-122.48276333333300,37.72203483333330,34339b5a1d965422c786e73512132217
25749.504,-122.415918,37.80037683333330,a8ae7940326c3d755d9d8e4deb001b78
27358.848,-122.44506733333300,37.80221083333330,456c79f7981d086797e406c790c4ed5a
28968.192000000000,-122.46896633333300,37.8062735,3a91a89647adfbb0d12a047fe1f4ab84
9656.064,-122.39148133333300,37.77366816666670,24c4bf4dbb37354fff0cc7e66bd686f8
14484.096000000000,-122.40694783333300,37.794275166666700,954ab6504a0b280c7fa086f0ba0bcc4b
32186.88,-122.4902085,37.75371833333330,e87261697acaf1d48fc24ba3619f9de4
12874.752,-122.4368675,37.759205666666700,84bb14eb18e6663a2fab6bf40f102d80
17702.784,-122.44920466666700,37.765984,3228fac2a40d4f2b12002b912c42eefa
14484.096000000000,-122.39389766666700,37.79039216666670,67ea1bc09961b55ee28d28d0922e1e91
14484.096000000000,-122.48280583333300,37.722083833333300,56cdf1e708976cb93cf0dd06f3e39479
37014.912000000000,-122.451883,37.79727783333330,7dfb2261978313dcea2036a28ea53935
17702.784,-122.41915866666700,37.77156333333330,f4b5462b1c946c56dd8be4d6bf1f17f8
37014.912000000000,-122.4780105,37.746481833333300,e38a918b910d429689a90542886bef9c
20921.472,-122.489673,37.772287666666700,1df5065860f7652b310b8dd1e0cbc17d
28968.192000000000,-122.44717633333300,37.781160166666700,fd7125872cde4f488086d9356ace7b06
20921.472,-122.39176266666700,37.75763766666670,01d050cf7c1005948aa5969806673031
9656.064,-122.47812733333300,37.78313083333330,1fcd2d7aebe3ba60daf09737afe01d0b
12874.752,-122.41337133333300,37.78735433333330,5a410701c5e28036c98f9fd60823d971
22530.816,-122.423412,37.79779383333330,4c756a3084546dce4f17f9b23ae8c901
17702.784,-122.37624883333300,37.73429683333330,af1021311f8df97ebd4f2b656d2afa28
40233.6,-122.39213383333300,37.789205333333300,ac38bb281361a7d1507ad2e77d9a6eb7
28968.192000000000,-122.4493835,37.76595233333330,afd7384a1768133e757c4753335e8503
37014.912000000000,-122.415314,37.780023666666700,d26cef1b4fc9753e623ba30f4f0659c0
14484.096000000000,-122.49032333333300,37.7510385,0b757b09608762da3a505bed5a37122b
32186.88,-122.38697516666700,37.7423655,32cae0c76ad709d047d0af074bfd02d5
35405.568,-122.419248,37.74946716666670,19ec358d3c404df3143fb428cffd8e16
17702.784,-122.4710305,37.785466,3f36c4a3a901c63704c6389a0db91669
25749.504,-122.47272933333300,37.761248333333300,4e6ae144e0189e4a707450f3a41aea5c
20921.472,-122.39320566666700,37.7785275,8a7f49c34f5f4791d2ae6c06301ff2e6
19312.128,-122.428781,37.7965125,56ba729f31908e2ed2956efc762bdd97
14484.096000000000,-122.39824183333300,37.78757733333330,a6ef75d1a5dbfd3b0b53c7a82661e425
40233.6,-122.5006475,37.719026166666700,4e442e04957d8b45b73234dcbd67e2e1
20921.472,-122.3983595,37.78748133333330,41947f09ace23be66a7f69c2e49630e5
24140.16,-122.39312766666700,37.779081166666700,cdd840424a4c2f9e3b45700d023a31dd
14484.096000000000,-122.41890483333300,37.765178,8e125e82d71db7ffecd37f4de87fe014
37014.912000000000,-122.39261433333300,37.729573,3f4b59cf6bb320a66c4ed3b48e4ef613
19312.128,-122.43497066666700,37.7777495,1ebeb7ad512a1abfff9142579ea44504
32186.88,-122.49868683333300,37.76267433333330,818bd02e09d630c05cf91d110783e771
16093.44,-122.46111316666700,37.76566566666670,6f69f151401a9fed3abbf92b046f4a3c
9656.064,-122.41311266666700,37.80870633333330,c1997347a9ac47eb8685b7aee14d2df1
16093.44,-122.4093075,37.739769833333300,bb9316f3d59aca037ada40999dc3e248
28968.192000000000,-122.4387375,37.7880035,80d34087886beb8a532f17b4c239e704
28968.192000000000,-122.440315,37.743895,47ac1afa3bf7c08497beff0bb1f23e33
17702.784,-122.391817,37.73139616666670,42cec8de9df5d2d447eb36c077640115
22530.816,-122.39003866666700,37.7547035,ecb34b648cae1048dad29867558d3dbb
24140.16,-122.38862616666700,37.7553945,e43a0a0d56f3ee29f6772b60205daea0
35405.568,-122.42437,37.73527033333330,cd50a478b8a0cdf3c89171607e5beeda
19312.128,-122.41683716666700,37.796443,d36bb2086aaf0ad86850a11d92b83dca
12874.752,-122.4883055,37.73919733333330,3f8933ff22d3e766dee757112b48575a
33796.224,-122.510902,37.77149566666670,8e424605daaad5d5a5ea5ae165ce5482
38624.256,-122.42287833333300,37.76166966666670,ac5b83b1da2809918c26882f472a2e8c
11265.408,-122.47881033333300,37.720958833333300,0ea7c4d6b4050af627f51d2ebea16c79
33796.224,-122.40404316666700,37.787842833333300,5b442cce920c9b6d198d3262bcc0d3de
14484.096000000000,-122.40768866666700,37.79705583333330,90720a42c0a527949f6282875fb836e5
14484.096000000000,-122.40921833333300,37.739787166666700,136a293e7db3aa3fdf278230fd6c36af
20921.472,-122.39832066666700,37.78750516666670,7e5fec5259a767ad058ff02b1d1e3893
28968.192000000000,-122.48115966666700,37.76336583333330,59a4f813fa6139f7810638657a441e46
32186.88,-122.43903166666700,37.763540666666700,1c6b310c8025b6f6f450af0973bbcc89
25749.504,-122.40738566666700,37.784808166666700,fc13061379f4099c289e0f1563410ccb
38624.256,-122.413522,37.805304,1d2380123a097c03f480740a8e9bfa19
28968.192000000000,-122.42041566666700,37.805959666666700,8d7f49501cf044338c6931d77a3c18e4
22530.816,-122.49811366666700,37.736531,aff3ed05650a901cd105e170c8d67dca
17702.784,-122.3904315,37.789378166666700,bdebd6458632375dbbbda4cb7570a25f
24140.16,-122.448042,37.78303916666670,09d6b4cdf94da06b5c16c3375a05c921
24140.16,-122.419122,37.757088,f47f6283ab52d19f01b65d281f8153b3
38624.256,-122.40185016666700,37.801856666666700,66d43217adc87ff03fff23ce40c3ddc9
14484.096000000000,-122.42366516666700,37.739672,9010f4b08e5a20e83e7e6b565a1ff8d9
20921.472,-122.40907483333300,37.80724166666670,3d0effd0e48bc9221898df678350177c
19312.128,-122.46637783333300,37.77881516666670,9f2e86be1f5587dd51e36e7459211443
35405.568,-122.42187433333300,37.794047666666700,24e3d92d9c197918df98e6c88b34cc7d
37014.912000000000,-122.39271683333300,37.75759633333330,f05e286d53f7dd37835b452ebbaff10c
11265.408,-122.409048,37.80718366666670,d854e569bbe3e50214d052f5013cadbb
33796.224,-122.4524255,37.722215,096098cbe2156e29f028df8af1f2abbe
38624.256,-122.40178633333300,37.80208233333330,ccadd14e07378b34b83409a35c8ae875
35405.568,-122.48357516666700,37.763486,282a7c3afdaf8d51d3c358e82adf2daa
28968.192000000000,-122.4353975,37.788439833333300,15a1891fc4b2c432a36b9f648f09051f
24140.16,-122.46797433333300,37.76016583333330,4ef999f221cd3ef4355008c3c2a25c63
9656.064,-122.43355783333300,37.78764283333330,166720b9fd2af72285f25c6c0a3782c8
35405.568,-122.37952366666700,37.73504916666670,2f0ab52aeb6809564d69702c9d6480e0
20921.472,-122.4324065,37.768913833333300,f66d231502ef347faced5c4e74eb3fd8
24140.16,-122.398443,37.786348833333300,60e41541ccd48d9bbc6b78297d811b77
38624.256,-122.46759083333300,37.78178233333330,912f6de915a9c197da222781b70e7c13
28968.192000000000,-122.502461,37.741705833333300,22004043ca91843a1f771d72561c1f85
25749.504,-122.47436266666700,37.718165666666700,5bc10d32a418920b63a6067bb4d6aba4
24140.16,-122.4632315,37.765476166666700,9920ae05c52788cb4e771b061cf99923
30577.536,-122.4678485,37.7839945,3cd3d4e40ee6a6f8901b51a5b05f64d3
25749.504,-122.4383395,37.76656883333330,ca3db3a9742a1138b70f2d587adc8526
28968.192000000000,-122.44422666666700,37.79897883333330,ecaae86f0114d2f7f5bac3b6e9d4a4d2
35405.568,-122.37727833333300,37.7336765,8dd01da62149af440f1930305c2e7c3d
22530.816,-122.4316315,37.731823,67bf11b2ca37d460082a7ef5ab8b4f1c
32186.88,-122.39391433333300,37.79095483333330,a7444195e7952d4e2a5f0bbc68569784
22530.816,-122.42948566666700,37.79790283333330,42b058d088ac9096adbffec4a8640edb
20921.472,-122.4562,37.71507616666670,f1e76d41ca9e7099de99b523cdc50491
16093.44,-122.39201566666700,37.757645833333300,54a6eea4fd75ebfd2b985330be075639
32186.88,-122.42075083333300,37.773595,6dcba94df750bd3c64cc2a06e6fe6c86
14484.096000000000,-122.40313516666700,37.80272716666670,5d450b0d14fb7cbea1ceb638c468e483
17702.784,-122.40095766666700,37.7817545,9b814de2d093dd01b51c6dc3b14b46ec
19312.128,-122.48341883333300,37.7446775,b5ec0f722a5d83ca2fea4ad9e2ccc4fc
37014.912000000000,-122.365437,37.72755033333330,bd7e9563b1511e2d2bb980aebd4b3b4a
20921.472,-122.4134015,37.74033433333330,1811f66bd4852b00d505d2aa26eebd49
9656.064,-122.50112733333300,37.740008,b28a742753bfa8e63127ffd1f8172790
32186.88,-122.4888255,37.761324333333300,d1eb1e52a10e87194e0b8701d151ef99
33796.224,-122.42892733333300,37.766350833333300,9a778f1053447d3b545a82dd7f710f0d
20921.472,-122.4820005,37.7428695,dd2dc77c3f24c2dc2aeeb7a86c00f048
28968.192000000000,-122.41293683333300,37.71400783333330,0a3485f5516961e9f07acb95dd791783
40233.6,-122.47328266666700,37.806710333333300,7e768cf28a0c817ec7fb5e2c8ab2769a
16093.44,-122.410717,37.77935466666670,45cb459f27988b64d495b26ffff445c4
25749.504,-122.39099366666700,37.791416,e29c355f882081fbfe7625cbabfeb0c4
14484.096000000000,-122.43638416666700,37.79895966666670,78ed43f1a413b22a890071f95c9b5be6
11265.408,-122.46738466666700,37.764187666666700,3d1924352c2f66187bfe98d743a4e68c
11265.408,-122.472916,37.731587166666700,3db58bf57d0a7f6fe54634f34f2cf461
24140.16,-122.447932,37.72565916666670,78585167b0abe49ea04329c384c60ae4
16093.44,-122.42791416666700,37.7844815,c881a2fa38ecab81525e71a09c1ee9c4
22530.816,-122.40321783333300,37.74109333333330,181b3d0f9b3fcecec93ad2fb2bc4021e
16093.44,-122.46570766666700,37.786416333333300,cc3f2d81ed779483fd92e67ad10775f0
25749.504,-122.48095816666700,37.73232466666670,894e41140d92b17055201a99999a957a
19312.128,-122.43290933333300,37.73018366666670,fa24250c3bf802ea5a2db13695786ca5
11265.408,-122.46500583333300,37.7847795,c3c6620a6e7abc9446c6a1a5122de12b
32186.88,-122.40529683333300,37.75128383333330,1be6c084ca64446e593d61729fa194fa
22530.816,-122.473818,37.76356416666670,460443c5685ed578e615c8e96d541659
24140.16,-122.507088,37.73524066666670,b3f8c8542e97ab3922693450fff3ae85
40233.6,-122.41595666666700,37.775278,3b89d54d77e785c7da9db93bc0bf88dd
17702.784,-122.3921115,37.78894183333330,d4290af53cdb7de7195aa49459d4acab
37014.912000000000,-122.43891066666700,37.798627833333300,356f89b4e01d79e0388b0b65803e1cab
40233.6,-122.5085645,37.753094,26c1a7ad4bd47144f6d63c14d577a125
37014.912000000000,-122.41134833333300,37.7473065,6eeca1ac9bccffc336d56f71a30564d6
19312.128,-122.43091,37.763295,99d9f9708ee4d3ba0f10e39c745eca7c
14484.096000000000,-122.383476,37.740074166666700,c36ed294488d8738dd1bcca055680264
37014.912000000000,-122.40516016666700,37.784073,df7a7ea536fb6c630244d87124542420
35405.568,-122.409097,37.80722266666670,108b530af5dcac6c5a4865902ef183f8
14484.096000000000,-122.4205805,37.7221465,29377c9911987fcd8b11e593b5e5994c
17702.784,-122.46992633333300,37.80574933333330,70ba556ad193a6b74aaab356f8cc126f
27358.848,-122.38856216666700,37.755415166666700,ab5bdb44aba6e48fa688d6ef29f0d5a0
24140.16,-122.40543133333300,37.797677,9659dbad88794be1b468480eae0e3361
16093.44,-122.44316033333300,37.77813783333330,7add5072a8b511c568e410411ff4f588
33796.224,-122.39844933333300,37.73161866666670,541b761ea4842703dd0ac20c82665b74
32186.88,-122.4819495,37.788413166666700,fbb75aeaa4687185b5b052ef33edfe75
40233.6,-122.4039375,37.784011,3e2d5dbe13e44f96c91feabf034c2943
30577.536,-122.40170016666700,37.802106,e1a142308061e5b4fd7fb2354441eb02
28968.192000000000,-122.40258566666700,37.7939845,b1b7e104db3971edc5f3be8b0373356b
25749.504,-122.37950766666700,37.735374666666700,fcc651689a3f3ab9ac3ef2d5aaa8e65c
32186.88,-122.46936416666700,37.7299635,b8883062e5c797ce54d119c8ada2f3f3
35405.568,-122.43297716666700,37.73015383333330,4bb25dbfd60424c165fefcb0858aa9c2
38624.256,-122.3930045,37.72925083333330,45f470574097ed3c40f5d7eced4f26ff
11265.408,-122.46412283333300,37.778733333333300,c9fdfa5de79bdde1723616cf16d591c9
12874.752,-122.45336166666700,37.80221816666670,c59badecf8f8cc47d7ab9a3e40ce3fd4
24140.16,-122.4498785,37.718086666666700,5e6c9e5bf31c73bc72c6f78fa10a0bd0
28968.192000000000,-122.43257666666700,37.7610885,bcabc1cd1fdfc0fb3ebecc91306668a1
22530.816,-122.45131433333300,37.79738316666670,74a94565b3a3206f9b62dc9080864a60
17702.784,-122.40875666666700,37.784834333333300,78acb8988310d129a5477abe0cc13e3e
40233.6,-122.43153483333300,37.73962083333330,e5b26fc6e1dad724744f4ecbeff8ec9d
20921.472,-122.43202733333300,37.76436016666670,f36b8479681f4e32c4136ace46fee510
17702.784,-122.39211683333300,37.7577925,44529dc54ac848ef72c1128bacc6413d
38624.256,-122.40895016666700,37.78338166666670,2ec4d9d4a0ad8df25004d0a1ee3df2ba
17702.784,-122.498102,37.7756755,922a9522f2703e3a37835533e767d324
17702.784,-122.4253955,37.73983166666670,1dc7af53fe6645a511f3b622a649d6db
17702.784,-122.49899983333300,37.755222333333300,148a2ac64aa7816706b2a2d6d103bbf9
30577.536,-122.43366033333300,37.80447783333330,25763e8cb7eb674ea5111d6f37e081ea
17702.784,-122.41982866666700,37.7879745,5e44c746f67c03bb2d5aa9e8e8fe1f78
32186.88,-122.44422183333300,37.76124816666670,28d4f00391c406b85cf28255c64519bb
35405.568,-122.47896433333300,37.7922925,b4a086409da8b11012e70d052e31270f
40233.6,-122.50946933333300,37.763808,0108983e462b67fd8b5b0eb11909d630
40233.6,-122.43359783333300,37.76407616666670,0080b55484c2549ce54ae57b47578cb9
38624.256,-122.50951616666700,37.763845833333300,495c9038c49991acc69d082e25d40a49
24140.16,-122.4691875,37.7639125,f618766d81b9daf4666e8dc12f71c7ca
17702.784,-122.49169333333300,37.7593165,0f85739d299a584dc1cc3d4c776e0944
22530.816,-122.42082583333300,37.752701,39929c5889e7195aa3df6b6cdc86eed8
38624.256,-122.48530183333300,37.7763355,5241bee7718f089ffc6fb5b6b6f822f9
32186.88,-122.45257566666700,37.799672666666700,e994ebcdebc2faf3e20e71ec89b4bc24
28968.192000000000,-122.41704466666700,37.7801145,8d06e059fada14554ef579a521d0cce9
38624.256,-122.41457,37.75577083333330,3d00de0a4c6dc547b46ddfe9977b3ae7
9656.064,-122.37720316666700,37.73344,cf078f4375990833c1f7c040950b1546
28968.192000000000,-122.4067525,37.7405305,db062a7441824f74d7dd96cc33895f2e
20921.472,-122.40675566666700,37.7405385,02a99747386cb763f57c59eeac045514
40233.6,-122.47719283333300,37.720191666666700,a8136d3a0dc63043f6f6c5ac104b7733
24140.16,-122.4366345,37.786741166666700,057d2088d0c4135aeb9b697322bab2db
12874.752,-122.50642,37.737835,388e169b03bb854f12ef6d6be1255278
12874.752,-122.41071433333300,37.732822166666700,26fd6d1747baabbd5bac11fef50c5ca3
32186.88,-122.42186566666700,37.731018,2a077475eabb56f4599f984a5ed4e4e0
37014.912000000000,-122.38949533333300,37.78867316666670,8cba5861dc985e65753c922a71181b09
25749.504,-122.48235666666700,37.74284933333330,d039ee371f26c41059445037c8cf7abf
28968.192000000000,-122.39059616666700,37.75783833333330,e03ea3b623596c3e56f3370212509a0b
16093.44,-122.38994233333300,37.7680305,5b3d6c56229f49e5d64c4b2851dd57d4
14484.096000000000,-122.42080866666700,37.775193333333300,607db65c196c65f73e243b06039d99a8
12874.752,-122.39098333333300,37.76722383333330,3e3e6628417b947bce2ab4b03ed81eb4
35405.568,-122.42585283333300,37.77391816666670,03646cb9e86be22496ceb153998461a8
33796.224,-122.42254616666700,37.752809166666700,99b7c9d09dd8277d3a3d44cf066a4a7e
35405.568,-122.41216233333300,37.7908015,e695b285510c7c9f687ef69f457e1ba8
16093.44,-122.48209316666700,37.7539445,4b501859c00f3e3e4006b7d942bab9b7
11265.408,-122.39278,37.75271166666670,b9f2f8da89a123c9def4130f176c76ff
22530.816,-122.4722125,37.7866915,e5880ff5f3468d62b509b558fc564011
30577.536,-122.42196516666700,37.74325966666670,2f730cecad108e0462ecdfead827e6dd
40233.6,-122.45268916666700,37.7908645,551c4945c553d9111e0ed64dad13a8db
17702.784,-122.44282183333300,37.79937183333330,01cfcc5e22273094d47d4a0afa0194a5
14484.096000000000,-122.3995175,37.799847666666700,0ef650e82eaa760dc076ed5f2af07bcc
28968.192000000000,-122.37949866666700,37.736692,1480b5e6c575b67e87c387f957461d46
40233.6,-122.48116066666700,37.78411583333330,c3df647e9b4ff35ae9e15f6d06161891
12874.752,-122.51088466666700,37.771491166666700,1526f6994bd19ae3c706be785006e6c1
19312.128,-122.40908483333300,37.73979416666670,1c6043e09be683a8b78f26892bc0c0be
37014.912000000000,-122.39397933333300,37.790328,8e972ff51852852ee196742b9a14ff14
17702.784,-122.4058115,37.782221166666700,fd0cc449ad4fca8379581278c58242cb
28968.192000000000,-122.39087,37.76895,6a84f63e597fae32f8a044a06d02f2b2
38624.256,-122.40415666666700,37.78783983333330,57c7b726684e1f65374747629060a6fa
37014.912000000000,-122.491674,37.759259666666700,89ca73a17815f894cd27c4d6886cfb3f
17702.784,-122.42335133333300,37.70915333333330,738968636e5501d1790e63d16db4d4f2
11265.408,-122.41136883333300,37.747286,000921c83336dbdfd69fe9336eba812b
27358.848,-122.48339816666700,37.761363833333300,7e543ad32db53cdac0826593cd53e12a
14484.096000000000,-122.403181,37.72117766666670,cb633d90273e239a1f83d3931da44571
12874.752,-122.39241166666700,37.772734,8c3423efa3b10411b4c5cd2d9f60c354
28968.192000000000,-122.42964283333300,37.733318,2e24f35015aa05b442e61761d290a835
19312.128,-122.48125566666700,37.785891666666700,442fa5fec05b18ae4f464033b3f685b0
28968.192000000000,-122.40527133333300,37.78976316666670,ddc876477e55d109eb5aa3473b6feb7c
25749.504,-122.4444495,37.76054333333330,673d5b9eee569b61aa37889a47995bb9
25749.504,-122.49125,37.734436,361cd8914e113e563d8b06f5fc6d3528
37014.912000000000,-122.41371533333300,37.785625,fc66983df4f35667ec6ae8985a3fd45c
28968.192000000000,-122.48988016666700,37.772315666666700,b8d6b216f342ecd259d98575ab45a2b1
37014.912000000000,-122.402662,37.785971833333300,d5a70da57046c4dfef598b705763e161
28968.192000000000,-122.43728933333300,37.80537566666670,9f63ac9a693c18caae56ae7e9f2955fa
30577.536,-122.42261766666700,37.75285683333330,76a1619c2bb806f159d9c194de078f55
22530.816,-122.40906233333300,37.72988483333330,cbb4f3d4ef91a1e317056d7e5e3da6be
14484.096000000000,-122.49439366666700,37.7627365,bcea99b00647f28e54a9d8d834359c22
25749.504,-122.43794566666700,37.721328666666700,c1fc7f98f09a548c7da082f73d8c0012
19312.128,-122.39053783333300,37.75030566666670,1e1af1999a86148134075edba54dba74
40233.6,-122.40357266666700,37.788108,1ae3e925b6b9f3eef3348caa10796abe
37014.912000000000,-122.45627266666700,37.780859666666700,932c3c4089a6403478c09d7092ab6965
35405.568,-122.43972266666700,37.736208833333300,57a8e62204d1b5a0e15aadc9e2c05de8
17702.784,-122.38928666666700,37.76825916666670,8b7ec3cc61a88f65d3836b79b348e1b5
24140.16,-122.3985545,37.787723666666700,02fec24acefea924c8415bf03e3bd9dc
32186.88,-122.42075566666700,37.79002783333330,91e384a6f633f612d30c8cc9dd65b663
38624.256,-122.4588945,37.77410716666670,35265e3d8d1cb659f4d775b36577c58b
24140.16,-122.4898115,37.772452666666700,53b333139b67b8251f8e1b0fc86c2d0b
28968.192000000000,-122.414054632,37.774667144,2b41adaf337664b0207e86f7b0d2975a
20921.472,-122.414079428,37.774680734,5540f7a21859e45115a5845f0e190966
4828.032,-122.480429292,37.718147278000000,6c8d72efd8a2fdba6da3e111804255a4
9656.064,-122.377633572,37.739317775,9175bb615f1622041ea759c9181d5211
43452.288,-122.387112737,37.754501939,7e46e518862542254e06d1d92c03b43f
53108.352,-122.461664677,37.732293844,6efa3bdfebc0574195a5e1fa8db18c89
41842.944,-122.443858624,37.803755522,56b631d6eecf64763585da522f79adaa
51499.008,-122.421860218,37.795883656,56cbe07a7b52c68e36d52ee2f33cef54
1609.344,-122.44190132600000,37.803846002,4e25b668a949097fc76cef73034e0f47
14484.096000000000,-122.421839952,37.795829535,9bcc1c244d61f3b99750f2b605ad662e
4828.032,-122.443059087,37.791458964,f838987017851354e033ea47d9192808
8046.72,-122.467293262,37.735000134,3f894672fedac2acd8d6d2e71d744eb0
27358.848,-122.418032765,37.785396338,66801af5a7df6053335de9f05ae1c6d5
6437.376,-122.392434359,37.789076447,d809bbe19891ff08a19657f607dd74c8
32186.88,-122.499010682,37.755216479,b3418466c2b380234b59d6bcf3d0e75d
45061.632,-122.419540048,37.771175504,218be4176b9a7270501b75446810907c
49889.664000000000,-122.447341919,37.783359647,07466e72ba056dd7e062e5fe1f073f06
49889.664000000000,-122.458556414,37.79708159,c9b8eddf9013dd453f47aa37651f3358
25749.504,-122.424521565,37.73562181,d8b1e77fb34dc4bd1d3b5d6215ec1d19
17702.784,-122.383420706,37.740031004,fdca9941e34ced06fdd2a1b5180524ad
14484.096000000000,-122.482380748,37.742839217,0096083696f8a9d8cb1a121e1f146e31
56327.04,-122.503860831,37.760704041,bb7dd3e96ddedf2fe491f8d8b5d2f500
46670.976,-122.404812098,37.795375824,eae5f426b3f6f49ea288bc94cc4daf32
4828.032,-122.469361544,37.708902836,fd57469ffbbee7b3f7775ee43fcde626
49889.664000000000,-122.456877708,37.788785696,d3f5d85092c612b7f203cba0eab23cf4
53108.352,-122.386698484,37.761520863,d38efbeeb4921ace9c8c5e726fcccad6
54717.696,-122.442901969,37.800052166,ed505e1225b7673821d4fce24a7e56c6
32186.88,-122.43455708,37.757741451,9a030828a4e41307a8089e0fb06f1741
54717.696,-122.404029012,37.791902781,de084731fe0d6638ae208f19b67fa9e6
9656.064,-122.423771024,37.782545328,63dfead1a210f32850af6d4bdb424fbd
9656.064,-122.434008479,37.761040807,9de8db45f6110da70112e81eacdf5536
35405.568,-122.429543495,37.748327851,fa28183d3601c25572883b7d5e981d29
6437.376,-122.451402783,37.716642737,1a356ff9d7582ccc0776275d0eb01134
3218.688,-122.421967745,37.742738843,cb4b502860488555cda887ff3f57e38d
38624.256,-122.382321358,37.714952826,ffe2960e4582dd5c3de511e008f1eb58
40233.6,-122.386819482,37.742290616,4d69e72bf063267fe773299c426328a8
51499.008,-122.427120805,37.746890426,5150547e138d2bc8c6763bbc94b624c5
41842.944,-122.404748321,37.772826195,5649ab98f8d0a6e12c9db019100ec650
53108.352,-122.434826016,37.759885788,05ec782daedbbdb48cdb46e6b2731985
35405.568,-122.447656751,37.806409717,f74315d85f129f5b22a554eb2c813a0f
32186.88,-122.426741481,37.788966298,e17868591b8df5e2015e85cdec792510
11265.408,-122.400820494,37.78537035,053f0e90ab13cbfd0abaacfa39a5a083
22530.816,-122.48972266666700,37.77241016666670,8ce215b669dd0b22ea6aefbd005b9d04
17702.784,-122.391101,37.768913833333300,feb51c0f3309f85448688ef4084c0e66
30577.536,-122.47157966666700,37.760245166666700,2ffcba3e1f47756bb007de62f52d8ca8
35405.568,-122.42503116666700,37.76163316666670,f479a78867ae6da4c8c28cb50f81b7a1
30577.536,-122.45846583333300,37.7976875,5f05904ce630648b67adf9507fddcd7d
35405.568,-122.39971033333300,37.78667,460f75ee6fa52e99931d320b33981bcc
28968.192000000000,-122.47852216666700,37.75610733333330,fb534806310e9e257c1fb763d4615410
25749.504,-122.43576583333300,37.798637166666700,5d7a0c85958ee7ab2117c51036264463
30577.536,-122.44756133333300,37.8064185,524aee1705e6659a11ffad4869d94c3a
27358.848,-122.43695033333300,37.799838666666700,9e6b5f4fe9b34cf594fee1d0100294a2
30577.536,-122.498463,37.77547116666670,754ed69923a5e06bf53ca95345b97ee0
40233.6,-122.46796083333300,37.786734,d839fbf428a79896eb8758f65d2aeb5c
40233.6,-122.48010683333300,37.737297,b88c4d27892907214b42be9a85792ecd
14484.096000000000,-122.39053366666700,37.78949,e7c5a082e094072e5453df81dc06d95b
14484.096000000000,-122.40805583333300,37.75060416666670,88ec0157cb9a0daab8098ef6e7bf7ea7
30577.536,-122.43785,37.72570833333330,f88a27949ce8cc9b8f1bc3e89950d16c
33796.224,-122.4291835,37.74358933333330,835dcc281d9463cffa315fd8701272b5
28968.192000000000,-122.43082966666700,37.763046833333300,b5a25ee9a86d3143edd1b7dbddc13b3f
16093.44,-122.43526516666700,37.79621816666670,84d24d9f1b91416a822f7d6d1d6e6acf
19312.128,-122.46036083333300,37.727549833333300,6b8ff5a9acf3bc216b84b694cd4d2d30
35405.568,-122.48283633333300,37.72208716666670,60e3e8622e66b07c90b8ad1bb001fdc2
37014.912000000000,-122.40356033333300,37.777579333333300,32dab003ffe1ca80e86742dfbedc2a25
37014.912000000000,-122.48535783333300,37.789017666666700,25d1262ddabe08606cf28124cfa14b20
35405.568,-122.46208216666700,37.725232166666700,2a3dee4b618bc351d22157674d3c3ca2
33796.224,-122.43188866666700,37.76432,1325b2339d58489b62703f05d375c2dc
38624.256,-122.42075966666700,37.773642,77e739e7abfc73c74e2a542ddd629fc4
30577.536,-122.416796,37.76767483333330,5d0eb8bcd1b9b8bf1c71ebd8a3eeeaf5
19312.128,-122.39406816666700,37.79041516666670,b7a953aa5172d6001d4a7aba4d0f5ed3
40233.6,-122.48021233333300,37.790891333333300,0bdfd4b26732a13568c8c0f0b872a130
32186.88,-122.43208433333300,37.7755745,3f6529f3fcebe809b1ca33f2a39f0602
25749.504,-122.47200883333300,37.750762,92fb54beea62fc4a34d361f1051aa77a
33796.224,-122.50431816666700,37.75280766666670,c57d26fc624d2f77f1e64f9225b29586
20921.472,-122.45346633333300,37.80207166666670,9a4151d3da717515ac114cd7fcc39e80
32186.88,-122.51122883333300,37.77531183333330,c26e3cc8ca02913f83013fc0553bc2aa
32186.88,-122.40174333333300,37.8019965,20bf0d0ec239b83414201f4df6ff57f6
9656.064,-122.43387183333300,37.747864166666700,5393569647aa3374d10e257a77493f81
19312.128,-122.48773966666700,37.735139,d08ad06d6a61f8747b1c6c57e0123b58
14484.096000000000,-122.42744633333300,37.79722833333330,70614d51fcecf0771d3b0e17a6129609
19312.128,-122.485011,37.738809,306c4edf626fcfc10f2c260c554d4575
19312.128,-122.43357533333300,37.764045833333300,6f258e3f2afaa97b3f2668800a19dad8
22530.816,-122.42991883333300,37.767791333333300,4e2aa0a0ad35b1bc7d616e2fde05f0a5
38624.256,-122.4040345,37.78438333333330,e72917f7440bee638c6c0a4071916220
25749.504,-122.46841,37.762405666666700,33e9fff952e5c167a448bef718c83f03
20921.472,-122.40460016666700,37.732604333333300,6e517b66011e0695dbee7b87958de983
14484.096000000000,-122.4197465,37.760380166666700,029b021ad647aa6cb2dd615e6b4a1463
38624.256,-122.3945885,37.736237833333300,1cc73a997952b75c9b75bfef941b28f3
19312.128,-122.44023783333300,37.778228666666700,f92c38250fefbcc755d2b6edbf1a8b00
30577.536,-122.49861533333300,37.75135816666670,0d46605d12576db699117b4e83a4225e
33796.224,-122.47853033333300,37.737398166666700,597f5312dfe1047983abae72762f9575
11265.408,-122.40928416666700,37.8005955,cfe72e0ebeade391a02287dccbb47e11
19312.128,-122.4212435,37.7368125,7ad38244a79527dc8fdd6f63a33c9515
25749.504,-122.46594266666700,37.762146666666700,b85e47c69b588ae9476b4bd945c7f9e5
22530.816,-122.4319575,37.764295,d937bdab8ec681f2e4ced0b3d6fd9de1
40233.6,-122.44093433333300,37.77169166666670,d1b393cf8877de1fb9446bf16c818d61
16093.44,-122.4051215,37.786293666666700,55b2c07ccbc448859036d6b5e226f356
17702.784,-122.45139416666700,37.71661316666670,58bb896a40ccb49b32d68a4a13deefdc
35405.568,-122.4533665,37.762303833333300,1c7c06477a663dad16ae177c8a2a8e6c
38624.256,-122.39398516666700,37.79030816666670,cf349438068a10f9743be3f6fd1b25c7
32186.88,-122.44801516666700,37.800734,04c060542c9e4722db8a0277f005dc64
35405.568,-122.40359083333300,37.789026666666700,2ba249ac6687e1bbd92dc03cbf137734
24140.16,-122.40316766666700,37.72117166666670,e99dae4903d2a08ae47a61500b82da93
19312.128,-122.43610566666700,37.80259733333330,cef42c4f3abe12d82677ae6308952db9
27358.848,-122.41304416666700,37.77476016666670,a64d9140865da5b60d0e521197fb4a3e
27358.848,-122.49651933333300,37.779447,6475d0ca805b722d1db77d25fffb0335
38624.256,-122.3938475,37.7903835,2333c29f6046c645519bb57818806849
14484.096000000000,-122.3969785,37.765174,9337da96b5e104c15677c70fb63f0cfd
14484.096000000000,-122.44994216666700,37.7181315,76fd0750067e2b9d86b64fd8226c6de0
30577.536,-122.42695966666700,37.78799733333330,0692cb5f0c80052b41f5536733b9f820
16093.44,-122.486658,37.760277,8742a6368e693dc46813b16ac6f054c3
37014.912000000000,-122.4378815,37.782972,cb628002bec5c9b991e7160d9bd6bdd0
25749.504,-122.50845633333300,37.7771595,268e62afc99de49ed10461057098383d
19312.128,-122.46922866666700,37.763891,6817dc84634c989899fbf1a0cbe93bc6
38624.256,-122.40829966666700,37.78396033333330,56619cdb28be5308f7df62de551e045a
19312.128,-122.4617985,37.76153333333330,483b206164fd3df0bab7019a55e215fc
17702.784,-122.44312316666700,37.7913735,8262d0ff775ece3ef39cc361c4439062
32186.88,-122.3918355,37.757729166666700,e3bc20bc35c9d8298bc70bbb8ad4355e
25749.504,-122.44946233333300,37.714224,efa5119ae54a7e91d3348a3a202826c5
25749.504,-122.39069333333300,37.76174683333330,19effe113fca09ac9a25c18f92f530ed
30577.536,-122.40222316666700,37.7862775,61cf6e3ec19107c84593ad0f048c323e
28968.192000000000,-122.42373733333300,37.787698166666700,610f512caf761ad76386ddca666590c7
17702.784,-122.47623033333300,37.776653,8c28ab126607b3eb2243f24f18252493
9656.064,-122.40305733333300,37.786798,77b8d9d8e78507201d27c85075665faf
17702.784,-122.41887433333300,37.75194483333330,49c47eec783c51f10a547b574fc24d4a
24140.16,-122.43089483333300,37.76336416666670,0dffc4ef38c5ff5b9896bb0858bf02d8
37014.912000000000,-122.49778833333300,37.753416,7f169a2b9239b0f444ddab71d125e62b
20921.472,-122.412964,37.80575783333330,45087bc2431368bf7af453d56d9f4e34
20921.472,-122.4908185,37.74438266666670,8fe19aa4dc1bbbea6f4a0545ec744f0f
40233.6,-122.435042,37.786489333333300,43f7428ff4f992428c8e169d9da3d416
22530.816,-122.47420016666700,37.75066666666670,a049b2c81aa368ffb70fd1357c0a3868
16093.44,-122.410032,37.795844833333300,4bff7108204fb84a0adefc24dbeac286
37014.912000000000,-122.42864766666700,37.733566833333300,4d1069a7a6f4f7598585e42841b65d4c
30577.536,-122.383592,37.740119166666700,f89c759e5296aa740834208ba0323daf
14484.096000000000,-122.4163745,37.79118733333330,fdea7447bd585ca521092fca7797ad03
35405.568,-122.4120675,37.806604,c382e657b0b7561a0da613d73923bdea
25749.504,-122.39042066666700,37.789419,d6cad32696250c7d247c03f3569f964c
35405.568,-122.40254333333300,37.764375333333300,ab215d601e9c673f0a8bf78c2162dee6
11265.408,-122.40231883333300,37.77598116666670,e6c043d4c1f069e98777c1232ed64658
17702.784,-122.42175683333300,37.77124966666670,0b5d06902171a48dd4dde68b06445602
14484.096000000000,-122.50715483333300,37.77920966666670,6e8594fcffa4767416491d244dc9359b
38624.256,-122.39380016666700,37.790450666666700,f57bd0c11a48aa2d7c1bb33033cc11cb
11265.408,-122.40882366666700,37.778554166666700,6ef6c34b4495e1e0dc06bf569a68e594
14484.096000000000,-122.3962615,37.7084895,c5629ca7410f60a717f2c0c8ebaf2431
28968.192000000000,-122.37949866666700,37.735056166666700,5a33adb5718b9b4c91b4d8a35c4dfd35
20921.472,-122.40477316666700,37.737517833333300,551cf27636270b1e04e9e027132b700c
22530.816,-122.50079083333300,37.74931983333330,4ff1235eec61b24adb54097012233479
40233.6,-122.3941135,37.7908865,4d6409078a9de8d006ee0508bc09b391
40233.6,-122.4200265,37.78707633333330,b249245f54b1f15c51b636fb23b365d3
12874.752,-122.42112066666700,37.79316466666670,be3b225cd7890d25fc0b6696f3256dad
25749.504,-122.42220233333300,37.768013333333300,ac2a0ad439f82343e8ec999b18c62f83
38624.256,-122.40354966666700,37.788949833333300,970b18ac1d3f052845f810c16636de1d
40233.6,-122.409472,37.774389166666700,c94acb89929866e19e01e6220baa0f4c
17702.784,-122.4237265,37.7825255,398f3850e1ff5d2bf67d298477ab1e07
20921.472,-122.4375465,37.7438525,7e000db3739027e6600d64a69d2ab9b6
30577.536,-122.44378666666700,37.77892816666670,0fe302b07370dbe3c2a65386db2dbf74
30577.536,-122.3917175,37.75773083333330,608bddbe085d824c934eced1af103272
28968.192000000000,-122.43609966666700,37.80264433333330,830da2bdb3bf43c3cfec554c0b14daa9
38624.256,-122.39268766666700,37.7576035,d74aa3b402a8985506e9185be2bb8198
16093.44,-122.42005083333300,37.774761833333300,3b64937653756dacae764defb247e8dd
28968.192000000000,-122.48032916666700,37.71813683333330,bc7176cded259df458577b0848d181ed
14484.096000000000,-122.43781,37.80235483333330,a8253cd7d21f7e6ce181dc85c310f7a2
19312.128,-122.44938333333300,37.7659695,c97e23d56889a8c7cb9429d447ce5be3
24140.16,-122.3940085,37.7903375,b85ce68625257fc588e110da7baae0a3
25749.504,-122.43173883333300,37.780702,b14d4d276e079c6e40d8d136156e06ab
12874.752,-122.44177633333300,37.731661,dda17bf51be6b50c8c5f58f6a4e7491e
20921.472,-122.41720033333300,37.772583833333300,6d90032dc52119d9a096126a70a300d9
25749.504,-122.3770185,37.7342165,5d6c8d91a118e5abab90d1d05cc2552a
27358.848,-122.44853366666700,37.8050855,8dbfbe48227e9b859c949d130b803122
37014.912000000000,-122.4017535,37.8020985,33a573c3b2eecb0ad938714e5441ae73
20921.472,-122.42035333333300,37.768294166666700,691eafa9a65312fd36e5b1972aab36da
11265.408,-122.44710366666700,37.71639066666670,467d8496ddab6ee2ade8bd9af8fd46bc
28968.192000000000,-122.41638316666700,37.72704183333330,55f869aeb15966f0ef4c55707358c48b
28968.192000000000,-122.43393116666700,37.74827116666670,c3e8c3dbc73e6fe85e212e8c67e6b9a6
40233.6,-122.42225533333300,37.76701633333330,541983a630b456c56939c04b209d6594
11265.408,-122.48694983333300,37.779552833333300,a4b37369184ce11279a1068bddc464dc
17702.784,-122.4841165,37.7235735,f764e190e602b67937f270c311401562
37014.912000000000,-122.43190766666700,37.78537983333330,d59f4d62f2df2433773129b04bf0b889
12874.752,-122.43522683333300,37.7611875,26f423dddf6855187161c48aefd855e2
12874.752,-122.49215366666700,37.7609685,4dc4adf0e593f28abc574a3052013645
35405.568,-122.40260883333300,37.76427916666670,f60abdad1761b9fb5fb3e194268e97b2
20921.472,-122.39049166666700,37.789388,4e33c36481f7d25e7355f7fefb9fecf4
37014.912000000000,-122.45302466666700,37.781654333333300,07555f259b78569d9df303d5c54b11e2
20921.472,-122.40555066666700,37.77956916666670,6de54afe0ceec2f0d95e1a7bacdddc5c
32186.88,-122.43343716666700,37.76429733333330,6cbe58fe6ae274146b0f93e5b05dcf54
30577.536,-122.43201416666700,37.7853925,7787f82aa424d9d70c6643709b027f60
19312.128,-122.50219733333300,37.73568,723ce2aa73f9d08848d1eb6ba360ffcf
37014.912000000000,-122.50794783333300,37.780148833333300,254f9f789fbc488e286aaea898c87415
28968.192000000000,-122.43240466666700,37.76102866666670,9b6c1451783337994739101090edb142
22530.816,-122.39697433333300,37.74308283333330,7ad77320d0835b93679adf1705663a63
30577.536,-122.46060066666700,37.7742535,b29ac33db448f5c67cd801cceb9c0152
25749.504,-122.38715633333300,37.75502383333330,abd6df77739453404678cce1da90d69e
37014.912000000000,-122.36723033333300,37.7288645,e0b959fc4fdaa125ce6c35ef586a58d6
19312.128,-122.41294516666700,37.7639395,831680b822ebcaf7cbd132d9d2304484
19312.128,-122.41499866666700,37.7499675,7958c3052fc3b606f16c8a97f1494a4d
40233.6,-122.4045295,37.79524833333330,e8c0f01e17945d30aeb17d7ad37df509
25749.504,-122.41861316666700,37.80622833333330,424f40c5f8bf0707be7990aa67dbd41a
28968.192000000000,-122.40264733333300,37.76438666666670,67aab882049515e6d48f10209f5f3627
12874.752,-122.37743016666700,37.733486,528a0a6656889cebbbee79235b725e5f
22530.816,-122.45901566666700,37.7391485,0fe9b0cf73a6c400e8863aceafdb55e7
40233.6,-122.5029255,37.779062833333300,c744f653dfad7181921bde900d68e8b7
19312.128,-122.402592,37.76435,7c35eef2a52a8560d3df312f34fc7dc9
24140.16,-122.50688733333300,37.74184616666670,3c3c3614b7c25e4d361d99e884f60af9
14484.096000000000,-122.43345633333300,37.79746733333330,6702bf8e065849370836eaf039642306
24140.16,-122.39480133333300,37.786188833333300,832da9ba6a4446abc68d2e567904eeb0
27358.848,-122.41979283333300,37.786955666666700,79ba56f782dd912ef4f24d43387f15a3
12874.752,-122.4095735,37.739813833333300,6aacee1c4a8acba7c2f29f644a613c01
28968.192000000000,-122.47426216666700,37.717776,de6b4236d3c9bbbe4655093e34cdc4e4
38624.256,-122.4025995,37.794198,3c970016d7b07f8cc6b040c32419fcfc
19312.128,-122.41992583333300,37.7631765,c3965df3fcf52e9c7e3caf63b8c8bc01
19312.128,-122.4515165,37.783264333333300,c9e702d96a076c7e9f8f2c6a8d19313d
32186.88,-122.44277966666700,37.761781166666700,cbfa07a69274486c92a0053eb67406c6
11265.408,-122.44499966666700,37.7893785,1c1e686a5c0084d74fbde9cb6d5df1c0
22530.816,-122.38922183333300,37.77205216666670,cb21bdd1d8ba2b6ecbce6554bf81db4c
37014.912000000000,-122.421536,37.75906283333330,7feea695abf9452f532fed4d416e9fa7
14484.096000000000,-122.4067875,37.7402195,c3523d4b1b7970d2f39c389ac715a3b2
24140.16,-122.49089416666700,37.787167333333300,1d2771f69849fe49b8c7cc8af875b268
35405.568,-122.506885,37.741845,6a09d67a567e1f2602b8ac198788bf14
22530.816,-122.43730766666700,37.7713135,3ff23795a85d6da2cdd622d1e5dbfac3
30577.536,-122.4212735,37.79063383333330,397cc84192b505f640c781d23df90856
30577.536,-122.505999,37.773359666666700,7065b2802c5b74d05b2608414f5b72e5
17702.784,-122.4819415,37.78843333333330,f7c63cedc4d12d2c288a3c2d3496ca14
14484.096000000000,-122.44275816666700,37.7992125,a085900bb94b5dbff7358d62036c96ce
28968.192000000000,-122.4016715,37.764553166666700,d127c66ba148efab3e5c9f2ad860b8be
22530.816,-122.3907485,37.770962,53a3187542b71f8906cf6eda2dc4ff7b
24140.16,-122.5024685,37.74171333333330,f3376c5fa8c083805eed8e7fa91b9161
40233.6,-122.4426795,37.75536116666670,1cca7de104312e1f92b0027db584678f
35405.568,-122.43604433333300,37.8026825,9cf940ed03aacb612e4d86c624349c5a
40233.6,-122.41314916666700,37.795199,d9af9edc50cef38f4e72547415b75ddd
35405.568,-122.46114633333300,37.762311,f480aa675ed9bb5c30cfe8e846fc7bb0
14484.096000000000,-122.46595633333300,37.77282366666670,5a1f4f485523d942d190183b29fbb425
30577.536,-122.48351583333300,37.74667566666670,2a376957086a479d311a2176d15102f7
32186.88,-122.4110595,37.7327165,70543510aea241c821131597ab7c45dc
37014.912000000000,-122.480382,37.71816533333330,5daf0578d992f06428cc8c50f058e880
11265.408,-122.4219575,37.7683065,2b855aeaa2b035592d33ad295c1b1393
16093.44,-122.39916183333300,37.793441333333300,441774a350af2f5e197bd740c502298a
22530.816,-122.39101266666700,37.79150283333330,84b8a531536fa40a6d29ab31e401ab84
20921.472,-122.44364383333300,37.8045645,740d1f346b61554b826b277c3735073d
37014.912000000000,-122.4092575,37.73980683333330,014a1a59e752ee131261f015e85b15f5
38624.256,-122.4127015,37.76882916666670,a6b51e8d56b9bca05c550c4d418f5a8d
9656.064,-122.45139933333300,37.7819375,6490a329e5ccad3b2e470abf1bad64e0
32186.88,-122.41654483333300,37.772528,fa816c60d2ab19eacbd375b3a2ef3bf4
17702.784,-122.369677,37.7284265,f1765096782dc640e7d7e2273904d6a6
28968.192000000000,-122.40182366666700,37.801853333333300,651ba370e357bb92169fc9060494436f
20921.472,-122.39129316666700,37.75880133333330,5ad701ca846f4b888ba23652364219cc
24140.16,-122.41986383333300,37.80566816666670,7cc42c9cbf3416cb75fdee999fd27bdf
25749.504,-122.449549,37.765962333333300,748c8aeff4930b16739d52452c4878b2
24140.16,-122.42085333333300,37.755074,46290f0e0227c5d6ee50e26db1168a2f
40233.6,-122.40568383333300,37.79793016666670,74d507ad92caa1043efa299f973c8ad1
22530.816,-122.40996766666700,37.786373833333300,79d1d59a78f1d2e20646bb942780df88
25749.504,-122.36651916666700,37.72819616666670,bea09d19063df147fe3840121e64c3d8
19312.128,-122.41567,37.711861166666700,7810e03e0718cb1408cebf62161903eb
35405.568,-122.40125883333300,37.76972266666670,67ed4d1cdc8468ecae1d23e7998bb318
25749.504,-122.42108083333300,37.75519516666670,60363f85fb2a6855e0e325e78b0a2738
19312.128,-122.3971205,37.795279,813c0c84a18ece892ac39df8b746e99a
27358.848,-122.476197,37.72970466666670,4016632f4a2bd06c7859fb07fceb70f7
11265.408,-122.41361416666700,37.74681183333330,779ec4ee04da017b875fa9506cd8cbe4
14484.096000000000,-122.43871016666700,37.76064983333330,1aa197d9c8b4319f15eb3dc356d9f017
16093.44,-122.44960783333300,37.72342066666670,6fac6523deb630cc86b90ab8a5570ac1
30577.536,-122.4621765,37.712250166666700,cfd25257f231e7eb6acc6143ee3da72a
17702.784,-122.44372733333300,37.79619616666670,0841dd3699e62b6232e6c6ccc5a9f15e
30577.536,-122.43188,37.78069216666670,7b32da8f5ae3d7fc19b9f7b7302e81ca
20921.472,-122.42230016666700,37.77169716666670,795d9f589379a419d8dcfd6eb6db0cbf
20921.472,-122.40698333333300,37.750016333333300,cce59725797863556bb2b644cf35f031
19312.128,-122.39712866666700,37.795264833333300,b0b7df71f61d10018cd8b1ce2ec03861
19312.128,-122.4381895,37.76171166666670,93b7603dc957a15c4bf20c3527c72e24
17702.784,-122.36727366666700,37.728881666666700,f4bc480c3adea94c5f0f1471e632f03e
11265.408,-122.43123416666700,37.77594466666670,e8fc04044f42cf15978bc4541c727b34
28968.192000000000,-122.459233,37.79776,df603c59f0676469ec0dc064adbd8632
32186.88,-122.42099833333300,37.77121283333330,1921659e9b859839cd2600ff991c61e3
14484.096000000000,-122.50442216666700,37.741882333333300,c65fc4f47d73c6b7c559078103fb46e8
30577.536,-122.448548,37.80506666666670,f59faf05b903a1250dd55890468e04f8
25749.504,-122.37897333333300,37.733904833333300,b7e694802630c0f737c797931e980edd
32186.88,-122.42052966666700,37.7762415,a5640f15668459ae72a58dc44ff42e2e
24140.16,-122.46554033333300,37.782508666666700,efb8c0c80dcdf4a79daca6dbfe118f04
14484.096000000000,-122.46622,37.770534,f61c01913a9cafbd3186d2ffc65af469
33796.224,-122.38118283333300,37.73852816666670,b5150e77076b98fde9783133db0326c6
11265.408,-122.4851645,37.72286033333330,4f1538d662b907cc716d437a5949c9f9
33796.224,-122.47683066666700,37.7239995,a0e3d88b3164716a41eedcf592f63af0
20921.472,-122.37778583333300,37.7331115,4a76571a5ffaf93ce3391961b38536e2
27358.848,-122.49265933333300,37.78364116666670,57893bda047852c4983cec5ae9361aa1
24140.16,-122.43289783333300,37.75143766666670,4f5c3e96a99a98ff478947645207bfa0
35405.568,-122.398474,37.79130416666670,029efe5c3691e5495b0651d164ca9c76
40233.6,-122.40306433333300,37.789198666666700,c11a61e12c03954357ca84f0d00b601a
19312.128,-122.4037395,37.78889616666670,fca0edcf16cf1f932a20224bbcd7a13d
32186.88,-122.41024016666700,37.7444175,0d15857a29952e9952b7cb62aa75cc84
35405.568,-122.40662733333300,37.732231666666700,a579b62cf23e2df922e4372df083174a
37014.912000000000,-122.39059583333300,37.746190666666700,34ae4deb816182546034cd381bd9db84
14484.096000000000,-122.3923945,37.788923,8b96c7411381f1d70de5992fd7dda30d
35405.568,-122.4189275,37.7515935,1063582f415de38605d2210024c806bc
30577.536,-122.45789966666700,37.786851,cb1a49aba3b40403f547be8fde8bf3de
16093.44,-122.3913905,37.75866283333330,4e2ed5e8ae9917682347ca99470de918
12874.752,-122.50608883333300,37.74717316666670,04f4e046ab370b32c709b027ddb615cb
12874.752,-122.47093116666700,37.785501,2f189c9cc0277df102d291fe8e39f173
12874.752,-122.5024575,37.7401395,89458d4ba1ba0117a489bdaa4053ae91
14484.096000000000,-122.43587966666700,37.772355,84dc03e627241d1da5179fea34756c5c
35405.568,-122.42349116666700,37.777695333333300,534eaad603ec6e70559267c4c9da1012
30577.536,-122.428743,37.78475566666670,76352003bf85d6f159c5b0a6276dbb93
11265.408,-122.425968,37.799366,49a27b87cf436f29d47df64fa31a973b
22530.816,-122.440997,37.73678116666670,079f058655251876533c7f90ecb68cda
38624.256,-122.402866,37.79396216666670,a022e7bffaa82fa419ea2e83fc4d3bb6
37014.912000000000,-122.47540816666700,37.7835615,31e3147fa49b3bf268b9ba42b002e6a9
16093.44,-122.4067755,37.740260666666700,8f1a029c3167dc065b19a7d0fb4abb26
17702.784,-122.40336633333300,37.788963833333300,5842d2bd7663839d7c411b106aae76ff
14484.096000000000,-122.39698283333300,37.7877545,6adaf23fc0bf3f3778f7ca11e2683c6d
12874.752,-122.41435383333300,37.7131435,301447a11ca91473eef050d200862aa6
38624.256,-122.40983116666700,37.750221833333300,3a47c7d36f4cc4e5ac0f0b004219d9e4
16093.44,-122.46295716666700,37.757248,99da812c134b9efc309053b66fa29760
20921.472,-122.44117,37.79998066666670,904a0647adc11f5ba20651df9a427591
14484.096000000000,-122.511183,37.7753015,11c7299ce28dfe49fbc2380185bf773d
12874.752,-122.47185383333300,37.714227,c4dfcc7e7b2d4e56749339280124e63a
27358.848,-122.39621166666700,37.78617216666670,f0390115f1d3202d1928e349472c913b
25749.504,-122.43799116666700,37.7848425,65b04ac2570671fcc78b6226057fbc9c
11265.408,-122.41137666666700,37.79448133333330,00edc85511fa8b10e7165811181a9d09
25749.504,-122.39774533333300,37.79481283333330,bf2d71e66d1f18a0f2a750a1cc7070ac
24140.16,-122.42621383333300,37.749433833333300,082dd44711a1db0ff4ed934f8b7164eb
35405.568,-122.4837125,37.72320833333330,f7eed52083928ec42efc3926a1e0ca74
30577.536,-122.44855333333300,37.805067666666700,38690dbc207f9e1244a131a4d1421cd1
37014.912000000000,-122.49002883333300,37.761773166666700,c329a456ed0833d9658862d83be6adb3
40233.6,-122.41444033333300,37.785594,b696997dcbf9e59e174cf387c358f463
12874.752,-122.3985855,37.798464,aebff9407830c09a155e487769d93a12
17702.784,-122.48275966666700,37.781954666666700,793069da1f3c3c6eae614fb8f82f385e
28968.192000000000,-122.40916383333300,37.73978416666670,c0d49bff688329975f4e2af836d1af18
35405.568,-122.437327,37.80533533333330,dc53ac98c8b493b8c6ce6bc97419b3c2
20921.472,-122.44241916666700,37.798968,fedea8af2c1711e5ed5d7e292ad44ff0
20921.472,-122.38286516666700,37.7503895,6e6c45f4d2341f9efce2e87fa0bfa809
40233.6,-122.40229583333300,37.779467333333300,f7ad5d370506c855f920fe6dbcb4a6af
24140.16,-122.42748566666700,37.7515145,9474e94bbfffb88bdd6cf9f4c825072f
35405.568,-122.43533966666700,37.76247016666670,70730b63eccd4768c232a56cef53143c
11265.408,-122.50905616666700,37.75896266666670,8340d59a033ff2cbe725b6181609a4ce
37014.912000000000,-122.46185266666700,37.761457666666700,d16b35e82ae48a57ab54ffccffdb4b5e
12874.752,-122.43257366666700,37.7648485,83d991fe47889e23cc68d1b031801a98
37014.912000000000,-122.499702,37.761528166666700,54533f3fadc02265e5df9a2ba9b662ea
19312.128,-122.42002366666700,37.787069833333300,5a35391aefe4c80c07d57bdec0f9d802
14484.096000000000,-122.40151733333300,37.7944825,50a9f02c617f20f1cc0fde25dab39dc5
17702.784,-122.41897333333300,37.75195216666670,4f8a75723a40b87920b003add72f20da
11265.408,-122.4827365,37.781888,7c128f1a28de322ff4c070c0f306edce
37014.912000000000,-122.41715083333300,37.72056883333330,8d2aedfc4518ebb67c1922fcc88c00a3
35405.568,-122.41395733333300,37.733395,524d920464b219a2f09fd7bc4714c1c5
40233.6,-122.43196283333300,37.764282,a5a0aa80a7b9cbf71327f9ace148539e
14484.096000000000,-122.45876566666700,37.781512666666700,4468d67fe5e60666c457e84d52c39b7d
11265.408,-122.46369683333300,37.74676216666670,5aa9b7fa329ffbfcbc2e290bfedc0cd9
17702.784,-122.3906585,37.7898135,6cacccce41503056054f56fc4a1d8d92
12874.752,-122.4475235,37.75265066666670,67edef2e2943918afdd761946963e823
9656.064,-122.50849433333300,37.752947666666700,09c99c5c514bade8b47c0ed78817bd3d
22530.816,-122.47740183333300,37.737282,a07e2d9570dd3cb3d356030244596a5a
27358.848,-122.41698983333300,37.78890416666670,55121a915871c03e99127b9be5ce774e
12874.752,-122.44931183333300,37.744137333333300,f264b0c64686e68353dac741163a63a2
28968.192000000000,-122.3903405,37.78928166666670,edc45c1eb6817987a61d659f062fd01f
9656.064,-122.44858833333300,37.8050595,d36ae865637465a25305911b58f1a74c
40233.6,-122.43094616666700,37.793889666666700,153cd0624b45d190b3dbf5e037d1fd2e
17702.784,-122.4076405,37.784839,dfc6bf397340a417d2f4e4a9bd42a5af
30577.536,-122.43538416666700,37.788407166666700,e843e763ed898dcd02d7e18a9fed6853
12874.752,-122.442812,37.799304666666700,f11da558da1f15cfbb37ffeb66755355
37014.912000000000,-122.48343483333300,37.74465266666670,ebc1c682c418e07e76e7fb4b3777ac00
12874.752,-122.448439,37.806475666666700,1c90914e37bb2becadb831a3ace0b905
28968.192000000000,-122.44113316666700,37.7616435,3170b19e0150ca19b64f3fbaa10611d4
24140.16,-122.39590666666700,37.762660833333300,8e52644d0bb534588500547b75805657
40233.6,-122.50949666666700,37.763834,0762d9ff43f6fbba21a95277bf79a8cc
24140.16,-122.40497333333300,37.79533683333330,3930aa22e4b080d8656d0c5837ed511e
14484.096000000000,-122.39941483333300,37.783130666666700,99c4530efb2047d390e3e8b0f3f9b1a7
14484.096000000000,-122.406856,37.749765833333300,c162b41779e02dca2f4266caa56c05ca
32186.88,-122.42034483333300,37.74898833333330,8464cd8452febcab51bf58b9e60ef5c8
32186.88,-122.442861,37.79930183333330,b32cd3c710ac569b7e3d6cc0d4d1f004
16093.44,-122.38967433333300,37.761504,41434064552aa302024fcc102d450851
22530.816,-122.4025115,37.764318833333300,a0f966a808e8c6d5c555156ebdd87eee
38624.256,-122.41446616666700,37.7766515,a3a72751b2c7df0a710ddfa33155d1cc
24140.16,-122.39052883333300,37.734594,e1d082d50d30f6b3195d39fa2989e685
33796.224,-122.43910766666700,37.798647833333300,e7b4a72bf38a267ae5097673b0510db5
28968.192000000000,-122.40022083333300,37.7743005,52f12f0eb8338e0510679e4d74364732
11265.408,-122.43283666666700,37.7646185,3e5e6d5521f4922a5dd9723ada24f330
38624.256,-122.41766116666700,37.78444183333330,c77250031043a1455fa96ba79d046758
37014.912000000000,-122.45814216666700,37.78556783333330,616e0019c8f8983cade5053d59e5166e
17702.784,-122.39186316666700,37.757678166666700,481d3adc09b6053648de127de2b46ee3
40233.6,-122.44539583333300,37.738791,f736e3a380820dbb65865d0395819002
17702.784,-122.4226465,37.77596066666670,08155b24d2a75774dbc77c95529c9443
17702.784,-122.48318016666700,37.719758166666700,36df409297c4412a06a3f26242255248
12874.752,-122.39838916666700,37.7874915,aa55324b44bca39855d0a3685de84810
24140.16,-122.46841366666700,37.8041705,0282a551e6d0d54987c6dfb099d6d045
32186.88,-122.39641266666700,37.760824,6a57df2b329ed42f605f8eaa4233ceba
27358.848,-122.40252983333300,37.769793666666700,0f228d979128462b42a3091b60f843e2
20921.472,-122.41940416666700,37.744344,5b97e014b99989b47716bd8341967cdf
17702.784,-122.403446,37.73361383333330,f7af6c06c81d160950cb05a27570db1d
30577.536,-122.4091175,37.80719166666670,8c5ef682792993ba57affa2c98304a7c
16093.44,-122.39292683333300,37.78881333333330,ca0fc1895abbe895b38d74972a1a993c
33796.224,-122.39161733333300,37.77379066666670,9c7740d332b3e773305ba7b02bb32ba7
35405.568,-122.5076575,37.77162333333330,cf48c8eb920c7312aae5a32de5345a43
12874.752,-122.43457366666700,37.7560225,2d7070324b754fe2b7de485fe03bed71
28968.192000000000,-122.4168025,37.796449833333300,6ca4653399a383c992581686c6ebaf98
28968.192000000000,-122.4034075,37.77771,d7661d0368997cb735a4d21341902e20
14484.096000000000,-122.50532216666700,37.74171716666670,b32143dafa46621eac7456f220067199
37014.912000000000,-122.40544633333300,37.789523,ed4fb168a8b5779aec19b77da527562d
40233.6,-122.46697033333300,37.803504333333300,4b5e36985878b5acdbf5f4dbbc53cdf6
28968.192000000000,-122.44282816666700,37.799299500000000,7fd02bce1493b29c04e92cd47133cb2f
22530.816,-122.44275716666700,37.79923733333330,8f39129adccf1e3d970e77db695c8d73
27358.848,-122.47609566666700,37.7264225,e72041ab55125377cb4627e8ec9185a0
14484.096000000000,-122.42089183333300,37.75512066666670,fb9426b71ca46f1d4f0b8c4f134fa82c
17702.784,-122.4750695,37.78850766666670,1cc83485dbe41cf5a59a934c9993b917
25749.504,-122.45847516666700,37.7977005,90c23e3a6b89a03895f744e722bf574d
28968.192000000000,-122.42119566666700,37.75676983333330,dcca143fbef51607594a5b5f4a639148
14484.096000000000,-122.47444783333300,37.7198195,f59921b754972a5899a8672560be483f
24140.16,-122.40526366666700,37.789617,dda9d99321964635117f52ceeb68fcb8
25749.504,-122.42139016666700,37.759126,1f7f33a658ee427d4c99b839ac61f57d
25749.504,-122.41333066666700,37.740284833333300,76c9107c5a43bf3a30654fdff27700ab
25749.504,-122.39314083333300,37.737953,97aff82eff9aff6e9ba8b2d131254bbd
19312.128,-122.49932916666700,37.77556633333330,d5017935d7e847f798445a96a2fa6946
28968.192000000000,-122.43104416666700,37.799632333333300,5c10d20dc940f5223098e17570f33e7f
38624.256,-122.41124466666700,37.751107833333300,d2d168a59888d8aae4173c12356a9675
14484.096000000000,-122.404045,37.71137483333330,4f3c634657c59cb3aa2bb25b6a932f37
24140.16,-122.47759116666700,37.75991783333330,6955dab42359f4707be5dba6d428d0ff
25749.504,-122.41162233333300,37.78296433333330,250274d67fbda567e8e731dbc2fd7b96
12874.752,-122.44091816666700,37.783110666666700,e2127345a8bf6013111b812b957933a5
37014.912000000000,-122.50098833333300,37.745613166666700,447e8af42115cbdb96e3a4b8ecf1bb8e
28968.192000000000,-122.418916,37.751954833333300,2bd7c3a72051a00819d95dad914c600e
19312.128,-122.40560616666700,37.78075333333330,396693c54a2a9a40a7679d7927c19b53
28968.192000000000,-122.48085316666700,37.738229833333300,d6e976ff4fcef915f9079f7f33fab0f4
35405.568,-122.40561083333300,37.78272833333330,5952896d48f170dd079a38eead1eeef3
40233.6,-122.39621216666700,37.75243733333330,201b618d75991bb33cd40da873fae8df
14484.096000000000,-122.42287333333300,37.75283016666670,24ffecc32b96b773aec26b0c1a245ac4
25749.504,-122.4200795,37.761782833333300,f1f3ec9dc60729d4eabb9c448f535eaf
37014.912000000000,-122.38340733333300,37.74000933333330,d4257c9191612c4f55194a2d73416fd8
19312.128,-122.49838166666700,37.775463333333300,4673f0e12aaf0ab20a85abcc8a27dc9f
37014.912000000000,-122.43463083333300,37.725257166666700,fc359fb64f3a1e70a07eb94ff7d57ad7
32186.88,-122.39794883333300,37.78655,7c7c556f4bc9bf2ade5d31e3d667afa4
37014.912000000000,-122.39177916666700,37.779804166666700,4beb4c3b742257338e6eb6b008d0638c
20921.472,-122.43123333333300,37.76554566666670,8dd1c1b43c5a0dfef8203ad12f74d097
16093.44,-122.38111766666700,37.73850683333330,76672b991a29487574a20d76ab4789dc
25749.504,-122.40135983333300,37.79318083333330,d2dc40b5b9ab23ab298b166bab1faf56
40233.6,-122.5042065,37.7398655,59a7bb3264cb337092758da4abda13a6
32186.88,-122.39228883333300,37.7869445,2364ad66276a6f7d76d6661b59f9f415
24140.16,-122.41971216666700,37.790854,7e7ef54cc9e2b9d30e3a1bb760d6b252
19312.128,-122.43351866666700,37.72634883333330,e92c6bb57aa1036a2f865d3403f77b75
24140.16,-122.47889966666700,37.725618,e58cf5c6b07c52e88af3dd9613865bc5
24140.16,-122.39588116666700,37.77371016666670,3ae20bb1be9e2cd6fb32b3fe0ac6732a
16093.44,-122.39392,37.790365,2b7edbbe2935e6bb8fe3fff9775fa26a
37014.912000000000,-122.4872,37.73870016666670,bd7400226789a5751055f9c71344125f
28968.192000000000,-122.467298,37.714244666666700,5e4751140003a97ad713f7f132199468
14484.096000000000,-122.41146716666700,37.806923833333300,d68fb23e6e9c32865aceb7616bc03fb9
25749.504,-122.42076216666700,37.75501,c234a72a1791cfd4f4c2710277ddcc0f
19312.128,-122.40350716666700,37.788967,be2ff82fd057ffe5d0b5e49c48fffc44
40233.6,-122.4602685,37.799974,69aed8415354c196a339033388a55245
19312.128,-122.45011983333300,37.779425333333300,7c8d818d9150f6dc78e3755df3af8b5b
16093.44,-122.47971066666700,37.7922925,0ce65de2c3a9b48cd7cadd933b4e9ede
28968.192000000000,-122.40716833333300,37.7983115,52cae60174670af6a33ccf3c6635320a
27358.848,-122.38834,37.730485,86bab16b3de63c2b59ff6c0c8ea57c88
24140.16,-122.43998666666700,37.729082166666700,85967341a1adca77fee20c11b026ae5f
28968.192000000000,-122.40697,37.80764083333330,59c6395b98a7631a7448601afbfb2239
20921.472,-122.45906933333300,37.7392735,556e7049cf7f3bf987f4884228dbb46a
30577.536,-122.48546966666700,37.788986666666700,6448378fc6b989250d3b5b506bd159ec
32186.88,-122.40236216666700,37.752220666666700,fa01a51ca926098ae2eff015ad377f2e
27358.848,-122.40185,37.801908166666700,c993e4f52c217da4fb3e2a36f8408892
19312.128,-122.43987016666700,37.7362175,657d1ddcc7cb30f532cbb1104ace0562
14484.096000000000,-122.50949216666700,37.763873333333300,ea78f2df08dfdf89feaed93a14d66160
22530.816,-122.44431383333300,37.79007383333330,cb53bdcadcd3afc4da4662fab2e21c4b
28968.192000000000,-122.50632466666700,37.737884,99239020779366b9879f3e8eb50552e3
14484.096000000000,-122.43147783333300,37.79464733333330,e23cc82c414a86836fc46b47c0bb06a2
12874.752,-122.42416666666700,37.77504716666670,6c00f035d5239c3fec50a28de1ce2784
19312.128,-122.412211,37.7879315,48ec6f2822b5c445fe0d45aa1b805b74
27358.848,-122.44637466666700,37.800145666666700,83d2363db91e90f77d517d58f545ea0e
24140.16,-122.503679,37.738011,51d3da9b232b9c894ee35750425b94f8
25749.504,-122.41289016666700,37.7815915,283fd7c223d45938d24da25b0d5facb0
25749.504,-122.39624033333300,37.75019566666670,4046bf6234ee2fff6ab77a5b764434e8
17702.784,-122.38854433333300,37.75549816666670,24a5b1e1c9fa582aa7f7c3e073ebd2d0
16093.44,-122.4320845,37.76513666666670,b7908bd6ccd5b9106aca8bcc4f0b0872
38624.256,-122.40171633333300,37.80205216666670,df14fc8dfe098fd389ce302313ce5ee6
25749.504,-122.43458433333300,37.736767,0dcfc482e2441130a3ec48df325d162c
19312.128,-122.50040783333300,37.74172466666670,833ba9d5426b04b51688bac4bb87a005
40233.6,-122.40904383333300,37.807175,2f0940292394213b13a21f62b4e42d15
20921.472,-122.42373916666700,37.739587,6965a1fd22da82840c7ceecb714cd48a
38624.256,-122.462951,37.7568995,b3fe1356d2d4653c1162241cd14e47a2
24140.16,-122.43181283333300,37.764311666666700,2cf087e4b3a461aa57a74fcfd2028c74
27358.848,-122.41872083333300,37.78162116666670,1d1a3c12f12bb9793bfaff46d487ff8d
14484.096000000000,-122.43689533333300,37.71310616666670,97e6281858f736259a1703416cfa7ec1
37014.912000000000,-122.4219085,37.723750333333300,b2f0eee02ebf29ba4b0194e5aeb8b889
14484.096000000000,-122.502532,37.74742883333330,4a6adb3b47344ea76a2867b456798bf0
35405.568,-122.432742,37.75948566666670,a070d8ec406133a629848b322c5cfeea
9656.064,-122.5112095,37.775234,f7eb4d9c87d4704d4fa6f669876825d3
20921.472,-122.50715133333300,37.77611816666670,25859295e9fcf306bfd8ac19a95071c5
38624.256,-122.47693833333300,37.725862,8506dd78fcaec3fd67637400abcff374
27358.848,-122.43165316666700,37.712596166666700,5c1cdb9e091c8a4d610ea62e87f3ed83
16093.44,-122.43734733333300,37.8050485,95ab36d599b54a5ceb15fcb48663e2ed
12874.752,-122.38932416666700,37.75743116666670,898d6457a25a153727a0a860994df088
14484.096000000000,-122.456217,37.715055166666700,f6243ead6b33a3a5589e095dc97df427
28968.192000000000,-122.47041633333300,37.75984866666670,89c349a3e65a32c6a2c7051895680ea0